 (-1.000000+0.000000j), (0.000000+0.000000j), (1.000000+0.000000j), (0.000000+0.000000j), (1.000000+0.000000j), (0.000000+0.000000j), (1.000000+0.000000j), (0.000000+0.000000j), (1.000000+0.000000j), (0.000000+0.000000j), (1.000000+0.000000j), (0.000000+0.000000j), (1.000000+0.000000j), (0.000000+0.000000j), (1.000000+0.000000j), (0.000000+0.000000j), (1.000000+0.000000j), (0.000000+0.000000j), (1.000000+0.000000j), (0.000000+0.000000j), (1.000000+0.000000j), (0.000000+0.000000j), (1.000000+0.000000j), (0.000000+0.000000j), (0.000000+0.000000j), (0.000000+0.000000j), (0.000000+0.000000j), (0.000000+0.000000j), (0.000000+0.000000j), (0.000000+0.000000j), (0.000000+0.000000j), (0.000000+0.000000j), (0.000000+0.000000j), (0.000000+0.000000j), (0.000000+0.000000j), (0.000000+0.000000j), (0.000000+0.000000j), (0.000000+0.000000j), (0.000000+0.000000j), (0.000000+0.000000j), (0.000000+0.000000j), (0.000000+0.000000j), (0.000000+0.000000j), (0.000000+0.000000j), (0.000000+0.000000j), (0.000000+0.000000j), (0.000000+0.000000j), (0.000000+0.000000j), (0.000000+0.000000j), (0.000000+0.000000j), (0.000000+0.000000j), (0.000000+0.000000j), (0.000000+0.000000j), (0.000000+0.000000j), (0.000000+0.000000j), (0.000000+0.000000j)
 (-1.000000+0.000000j), (0.000000+0.000000j), (-1.000000+0.000000j), (0.000000+0.000000j), (0.000000+1.000000j), (0.000000+0.000000j), (0.000000-1.000000j), (0.000000+0.000000j), (0.000000+0.000000j), (1.000000+0.000000j), (0.000000+0.000000j), (1.000000+0.000000j), (0.000000+0.000000j), (1.000000+0.000000j), (0.000000+0.000000j), (1.000000+0.000000j), (0.000000+0.000000j), (-1.000000-0.000000j), (0.000000+0.000000j), (1.000000+0.000000j), (0.000000+0.000000j), (1.000000+0.000000j), (0.000000+0.000000j), (1.000000+0.000000j), (0.000000+0.000000j), (0.000000+0.000000j), (0.000000+0.000000j), (0.000000+0.000000j), (0.000000+0.000000j), (0.000000+0.000000j), (0.000000+0.000000j), (0.000000+0.000000j), (0.000000+0.000000j), (0.000000+0.000000j), (0.000000+0.000000j), (0.000000+0.000000j), (0.000000+0.000000j), (0.000000+0.000000j), (0.000000+0.000000j), (0.000000+0.000000j), (0.000000+0.000000j), (0.000000+0.000000j), (0.000000+0.000000j), (0.000000+0.000000j), (0.000000+0.000000j), (0.000000+0.000000j), (0.000000+0.000000j), (0.000000+0.000000j), (0.000000+0.000000j), (0.000000+0.000000j), (0.000000+0.000000j), (0.000000+0.000000j), (0.000000+0.000000j), (0.000000+0.000000j), (0.000000+0.000000j), (0.000000+0.000000j)
 (0.000000+0.000000j), (-1.000000-0.000000j), (0.000000+0.000000j), (1.000000+0.000000j), (0.000000+0.000000j), (1.000000+0.000000j), (0.000000+0.000000j), (1.000000+0.000000j), (1.000000+0.000000j), (0.000000+0.000000j), (-1.000000-0.000000j), (0.000000+0.000000j), (0.000000+1.000000j), (0.000000+0.000000j), (0.000000-1.000000j), (0.000000+0.000000j), (0.000000+0.000000j), (-1.000000-0.000000j), (0.000000+0.000000j), (-1.000000+0.000000j), (0.000000+0.000000j), (0.000000-1.000000j), (0.000000+0.000000j), (-0.000000+1.000000j), (0.000000+0.000000j), (0.000000+0.000000j), (0.000000+0.000000j), (0.000000+0.000000j), (0.000000+0.000000j), (0.000000+0.000000j), (0.000000+0.000000j), (0.000000+0.000000j), (0.000000+0.000000j), (0.000000+0.000000j), (0.000000+0.000000j), (0.000000+0.000000j), (0.000000+0.000000j), (0.000000+0.000000j), (0.000000+0.000000j), (0.000000+0.000000j), (0.000000+0.000000j), (0.000000+0.000000j), (0.000000+0.000000j), (0.000000+0.000000j), (0.000000+0.000000j), (0.000000+0.000000j), (0.000000+0.000000j), (0.000000+0.000000j), (0.000000+0.000000j), (0.000000+0.000000j), (0.000000+0.000000j), (0.000000+0.000000j), (0.000000+0.000000j), (0.000000+0.000000j), (0.000000+0.000000j), (0.000000+0.000000j)
 (0.000000+0.000000j), (-1.000000-0.000000j), (0.000000+0.000000j), (-1.000000+0.000000j), (0.000000+0.000000j), (-0.000000+1.000000j), (0.000000+0.000000j), (0.000000-1.000000j), (0.000000+0.000000j), (1.000000+0.000000j), (0.000000+0.000000j), (-1.000000+0.000000j), (0.000000+0.000000j), (-0.000000+1.000000j), (0.000000+0.000000j), (0.000000-1.000000j), (1.000000+0.000000j), (0.000000+0.000000j), (-1.000000-0.000000j), (0.000000+0.000000j), (0.000000+1.000000j), (0.000000+0.000000j), (0.000000-1.000000j), (0.000000+0.000000j), (0.000000+0.000000j), (0.000000+0.000000j), (0.000000+0.000000j), (0.000000+0.000000j), (0.000000+0.000000j), (0.000000+0.000000j), (0.000000+0.000000j), (0.000000+0.000000j), (0.000000+0.000000j), (0.000000+0.000000j), (0.000000+0.000000j), (0.000000+0.000000j), (0.000000+0.000000j), (0.000000+0.000000j), (0.000000+0.000000j), (0.000000+0.000000j), (0.000000+0.000000j), (0.000000+0.000000j), (0.000000+0.000000j), (0.000000+0.000000j), (0.000000+0.000000j), (0.000000+0.000000j), (0.000000+0.000000j), (0.000000+0.000000j), (0.000000+0.000000j), (0.000000+0.000000j), (0.000000+0.000000j), (0.000000+0.000000j), (0.000000+0.000000j), (0.000000+0.000000j), (0.000000+0.000000j), (0.000000+0.000000j)
 (1.414214+0.000000j), (0.000000+0.000000j), (0.000000+0.000000j), (0.000000+0.000000j), (0.000000+0.000000j), (0.000000+0.000000j), (0.000000+0.000000j), (0.000000+0.000000j), (0.000000+0.000000j), (0.000000+0.000000j), (0.000000+0.000000j), (0.000000+0.000000j), (0.000000+0.000000j), (0.000000+0.000000j), (0.000000+0.000000j), (0.000000+0.000000j), (0.000000+0.000000j), (0.000000+0.000000j), (0.000000+0.000000j), (0.000000+0.000000j), (0.000000+0.000000j), (0.000000+0.000000j), (0.000000+0.000000j), (0.000000+0.000000j), (-1.000000-0.000000j), (0.000000+0.000000j), (1.000000+0.000000j), (0.000000+0.000000j), (0.000000+0.000000j), (0.000000+0.000000j), (0.000000+0.000000j), (0.000000+0.000000j), (-1.000000-0.000000j), (0.000000+0.000000j), (1.000000+0.000000j), (0.000000+0.000000j), (0.000000+0.000000j), (0.000000+0.000000j), (0.000000+0.000000j), (0.000000+0.000000j), (1.000000+0.000000j), (0.000000+0.000000j), (1.000000+0.000000j), (0.000000+0.000000j), (0.000000+0.000000j), (0.000000+0.000000j), (0.000000+0.000000j), (0.000000+0.000000j), (1.000000+0.000000j), (0.000000+0.000000j), (1.000000+0.000000j), (0.000000+0.000000j), (0.000000+0.000000j), (0.000000+0.000000j), (0.000000+0.000000j), (0.000000+0.000000j)
 (0.000000+0.000000j), (1.414214+0.000000j), (0.000000+0.000000j), (0.000000+0.000000j), (0.000000+0.000000j), (0.000000+0.000000j), (0.000000+0.000000j), (0.000000+0.000000j), (0.000000+0.000000j), (0.000000+0.000000j), (0.000000+0.000000j), (0.000000+0.000000j), (0.000000+0.000000j), (0.000000+0.000000j), (0.000000+0.000000j), (0.000000+0.000000j), (0.000000+0.000000j), (0.000000+0.000000j), (0.000000+0.000000j), (0.000000+0.000000j), (0.000000+0.000000j), (0.000000+0.000000j), (0.000000+0.000000j), (0.000000+0.000000j), (-1.000000-0.000000j), (0.000000+0.000000j), (-1.000000-0.000000j), (0.000000+0.000000j), (0.000000+0.000000j), (0.000000+0.000000j), (0.000000+0.000000j), (0.000000+0.000000j), (0.000000+0.000000j), (-1.000000-0.000000j), (0.000000+0.000000j), (-1.000000-0.000000j), (0.000000+0.000000j), (0.000000+0.000000j), (0.000000+0.000000j), (0.000000+0.000000j), (-0.000000+1.000000j), (0.000000+0.000000j), (0.000000-1.000000j), (0.000000+0.000000j), (0.000000+0.000000j), (0.000000+0.000000j), (0.000000+0.000000j), (0.000000+0.000000j), (0.000000+0.000000j), (0.000000-1.000000j), (0.000000+0.000000j), (-0.000000+1.000000j), (0.000000+0.000000j), (0.000000+0.000000j), (0.000000+0.000000j), (0.000000+0.000000j)
 (0.000000+0.000000j), (0.000000+0.000000j), (1.414214+0.000000j), (0.000000+0.000000j), (0.000000+0.000000j), (0.000000+0.000000j), (0.000000+0.000000j), (0.000000+0.000000j), (0.000000+0.000000j), (0.000000+0.000000j), (0.000000+0.000000j), (0.000000+0.000000j), (0.000000+0.000000j), (0.000000+0.000000j), (0.000000+0.000000j), (0.000000+0.000000j), (0.000000+0.000000j), (0.000000+0.000000j), (0.000000+0.000000j), (0.000000+0.000000j), (0.000000+0.000000j), (0.000000+0.000000j), (0.000000+0.000000j), (0.000000+0.000000j), (0.000000+0.000000j), (1.000000+0.000000j), (0.000000+0.000000j), (-1.000000-0.000000j), (0.000000+0.000000j), (0.000000+0.000000j), (0.000000+0.000000j), (0.000000+0.000000j), (0.000000+0.000000j), (1.000000+0.000000j), (0.000000+0.000000j), (-1.000000-0.000000j), (0.000000+0.000000j), (0.000000+0.000000j), (0.000000+0.000000j), (0.000000+0.000000j), (0.000000+0.000000j), (1.000000+0.000000j), (0.000000+0.000000j), (1.000000+0.000000j), (0.000000+0.000000j), (0.000000+0.000000j), (0.000000+0.000000j), (0.000000+0.000000j), (0.000000+0.000000j), (1.000000+0.000000j), (0.000000+0.000000j), (1.000000+0.000000j), (0.000000+0.000000j), (0.000000+0.000000j), (0.000000+0.000000j), (0.000000+0.000000j)
 (0.000000+0.000000j), (0.000000+0.000000j), (0.000000+0.000000j), (1.414214+0.000000j), (0.000000+0.000000j), (0.000000+0.000000j), (0.000000+0.000000j), (0.000000+0.000000j), (0.000000+0.000000j), (0.000000+0.000000j), (0.000000+0.000000j), (0.000000+0.000000j), (0.000000+0.000000j), (0.000000+0.000000j), (0.000000+0.000000j), (0.000000+0.000000j), (0.000000+0.000000j), (0.000000+0.000000j), (0.000000+0.000000j), (0.000000+0.000000j), (0.000000+0.000000j), (0.000000+0.000000j), (0.000000+0.000000j), (0.000000+0.000000j), (0.000000+0.000000j), (1.000000+0.000000j), (0.000000+0.000000j), (1.000000+0.000000j), (0.000000+0.000000j), (0.000000+0.000000j), (0.000000+0.000000j), (0.000000+0.000000j), (1.000000+0.000000j), (0.000000+0.000000j), (1.000000+0.000000j), (0.000000+0.000000j), (0.000000+0.000000j), (0.000000+0.000000j), (0.000000+0.000000j), (0.000000+0.000000j), (0.000000+0.000000j), (-0.000000+1.000000j), (0.000000+0.000000j), (0.000000-1.000000j), (0.000000+0.000000j), (0.000000+0.000000j), (0.000000+0.000000j), (0.000000+0.000000j), (0.000000-1.000000j), (0.000000+0.000000j), (-0.000000+1.000000j), (0.000000+0.000000j), (0.000000+0.000000j), (0.000000+0.000000j), (0.000000+0.000000j), (0.000000+0.000000j)
 (0.000000+0.000000j), (0.000000+0.000000j), (0.000000+0.000000j), (0.000000+0.000000j), (1.414214+0.000000j), (0.000000+0.000000j), (0.000000+0.000000j), (0.000000+0.000000j), (0.000000+0.000000j), (0.000000+0.000000j), (0.000000+0.000000j), (0.000000+0.000000j), (0.000000+0.000000j), (0.000000+0.000000j), (0.000000+0.000000j), (0.000000+0.000000j), (0.000000+0.000000j), (0.000000+0.000000j), (0.000000+0.000000j), (0.000000+0.000000j), (0.000000+0.000000j), (0.000000+0.000000j), (0.000000+0.000000j), (0.000000+0.000000j), (0.000000+0.000000j), (0.000000+0.000000j), (0.000000+0.000000j), (0.000000+0.000000j), (-1.000000+0.000000j), (0.000000+0.000000j), (1.000000+0.000000j), (0.000000+0.000000j), (0.000000+0.000000j), (0.000000+0.000000j), (0.000000+0.000000j), (0.000000+0.000000j), (-1.000000+0.000000j), (0.000000+0.000000j), (1.000000+0.000000j), (0.000000+0.000000j), (0.000000+0.000000j), (0.000000+0.000000j), (0.000000+0.000000j), (0.000000+0.000000j), (1.000000+0.000000j), (0.000000+0.000000j), (-1.000000+0.000000j), (0.000000+0.000000j), (0.000000+0.000000j), (0.000000+0.000000j), (0.000000+0.000000j), (0.000000+0.000000j), (1.000000+0.000000j), (0.000000+0.000000j), (-1.000000+0.000000j), (0.000000+0.000000j)
 (0.000000+0.000000j), (0.000000+0.000000j), (0.000000+0.000000j), (0.000000+0.000000j), (0.000000+0.000000j), (1.414214+0.000000j), (0.000000+0.000000j), (0.000000+0.000000j), (0.000000+0.000000j), (0.000000+0.000000j), (0.000000+0.000000j), (0.000000+0.000000j), (0.000000+0.000000j), (0.000000+0.000000j), (0.000000+0.000000j), (0.000000+0.000000j), (0.000000+0.000000j), (0.000000+0.000000j), (0.000000+0.000000j), (0.000000+0.000000j), (0.000000+0.000000j), (0.000000+0.000000j), (0.000000+0.000000j), (0.000000+0.000000j), (0.000000+0.000000j), (0.000000+0.000000j), (0.000000+0.000000j), (0.000000+0.000000j), (-1.000000+0.000000j), (0.000000+0.000000j), (-1.000000+0.000000j), (0.000000+0.000000j), (0.000000+0.000000j), (0.000000+0.000000j), (0.000000+0.000000j), (0.000000+0.000000j), (0.000000+0.000000j), (-1.000000+0.000000j), (0.000000+0.000000j), (-1.000000+0.000000j), (0.000000+0.000000j), (0.000000+0.000000j), (0.000000+0.000000j), (0.000000+0.000000j), (-0.000000+1.000000j), (0.000000+0.000000j), (-0.000000+1.000000j), (0.000000+0.000000j), (0.000000+0.000000j), (0.000000+0.000000j), (0.000000+0.000000j), (0.000000+0.000000j), (0.000000+0.000000j), (0.000000-1.000000j), (0.000000+0.000000j), (0.000000-1.000000j)
 (0.000000+0.000000j), (0.000000+0.000000j), (0.000000+0.000000j), (0.000000+0.000000j), (0.000000+0.000000j), (0.000000+0.000000j), (1.414214+0.000000j), (0.000000+0.000000j), (0.000000+0.000000j), (0.000000+0.000000j), (0.000000+0.000000j), (0.000000+0.000000j), (0.000000+0.000000j), (0.000000+0.000000j), (0.000000+0.000000j), (0.000000+0.000000j), (0.000000+0.000000j), (0.000000+0.000000j), (0.000000+0.000000j), (0.000000+0.000000j), (0.000000+0.000000j), (0.000000+0.000000j), (0.000000+0.000000j), (0.000000+0.000000j), (0.000000+0.000000j), (0.000000+0.000000j), (0.000000+0.000000j), (0.000000+0.000000j), (0.000000+0.000000j), (-1.000000+0.000000j), (0.000000+0.000000j), (1.000000+0.000000j), (0.000000+0.000000j), (0.000000+0.000000j), (0.000000+0.000000j), (0.000000+0.000000j), (0.000000+0.000000j), (-1.000000+0.000000j), (0.000000+0.000000j), (1.000000+0.000000j), (0.000000+0.000000j), (0.000000+0.000000j), (0.000000+0.000000j), (0.000000+0.000000j), (0.000000+0.000000j), (-1.000000+0.000000j), (0.000000+0.000000j), (1.000000+0.000000j), (0.000000+0.000000j), (0.000000+0.000000j), (0.000000+0.000000j), (0.000000+0.000000j), (0.000000+0.000000j), (-1.000000+0.000000j), (0.000000+0.000000j), (1.000000+0.000000j)
 (0.000000+0.000000j), (0.000000+0.000000j), (0.000000+0.000000j), (0.000000+0.000000j), (0.000000+0.000000j), (0.000000+0.000000j), (0.000000+0.000000j), (1.414214+0.000000j), (0.000000+0.000000j), (0.000000+0.000000j), (0.000000+0.000000j), (0.000000+0.000000j), (0.000000+0.000000j), (0.000000+0.000000j), (0.000000+0.000000j), (0.000000+0.000000j), (0.000000+0.000000j), (0.000000+0.000000j), (0.000000+0.000000j), (0.000000+0.000000j), (0.000000+0.000000j), (0.000000+0.000000j), (0.000000+0.000000j), (0.000000+0.000000j), (0.000000+0.000000j), (0.000000+0.000000j), (0.000000+0.000000j), (0.000000+0.000000j), (0.000000+0.000000j), (-1.000000+0.000000j), (0.000000+0.000000j), (-1.000000+0.000000j), (0.000000+0.000000j), (0.000000+0.000000j), (0.000000+0.000000j), (0.000000+0.000000j), (-1.000000+0.000000j), (0.000000+0.000000j), (-1.000000+0.000000j), (0.000000+0.000000j), (0.000000+0.000000j), (0.000000+0.000000j), (0.000000+0.000000j), (0.000000+0.000000j), (0.000000+0.000000j), (0.000000-1.000000j), (0.000000+0.000000j), (0.000000-1.000000j), (0.000000+0.000000j), (0.000000+0.000000j), (0.000000+0.000000j), (0.000000+0.000000j), (-0.000000+1.000000j), (0.000000+0.000000j), (-0.000000+1.000000j), (0.000000+0.000000j)
 (0.000000+0.000000j), (0.000000+0.000000j), (0.000000+0.000000j), (0.000000+0.000000j), (0.000000+0.000000j), (0.000000+0.000000j), (0.000000+0.000000j), (0.000000+0.000000j), (1.414214+0.000000j), (0.000000+0.000000j), (0.000000+0.000000j), (0.000000+0.000000j), (0.000000+0.000000j), (0.000000+0.000000j), (0.000000+0.000000j), (0.000000+0.000000j), (0.000000+0.000000j), (0.000000+0.000000j), (0.000000+0.000000j), (0.000000+0.000000j), (0.000000+0.000000j), (0.000000+0.000000j), (0.000000+0.000000j), (0.000000+0.000000j), (0.000000+0.000000j), (0.000000+0.000000j), (0.000000+0.000000j), (0.000000+0.000000j), (0.000000+0.000000j), (0.000000+0.000000j), (0.000000+0.000000j), (0.000000+0.000000j), (0.000000+0.000000j), (0.000000+0.000000j), (0.000000+0.000000j), (0.000000+0.000000j), (0.000000+0.000000j), (0.000000+0.000000j), (0.000000+0.000000j), (0.000000+0.000000j), (0.000000+0.000000j), (0.000000+0.000000j), (0.000000+0.000000j), (0.000000+0.000000j), (0.000000+0.000000j), (0.000000+0.000000j), (0.000000+0.000000j), (0.000000+0.000000j), (0.000000+0.000000j), (0.000000+0.000000j), (0.000000+0.000000j), (0.000000+0.000000j), (0.000000+0.000000j), (0.000000+0.000000j), (0.000000+0.000000j), (0.000000+0.000000j)
 (0.000000+0.000000j), (0.000000+0.000000j), (0.000000+0.000000j), (0.000000+0.000000j), (0.000000+0.000000j), (0.000000+0.000000j), (0.000000+0.000000j), (0.000000+0.000000j), (0.000000+0.000000j), (1.414214+0.000000j), (0.000000+0.000000j), (0.000000+0.000000j), (0.000000+0.000000j), (0.000000+0.000000j), (0.000000+0.000000j), (0.000000+0.000000j), (0.000000+0.000000j), (0.000000+0.000000j), (0.000000+0.000000j), (0.000000+0.000000j), (0.000000+0.000000j), (0.000000+0.000000j), (0.000000+0.000000j), (0.000000+0.000000j), (0.000000+0.000000j), (0.000000+0.000000j), (0.000000+0.000000j), (0.000000+0.000000j), (0.000000+0.000000j), (0.000000+0.000000j), (0.000000+0.000000j), (0.000000+0.000000j), (0.000000+0.000000j), (0.000000+0.000000j), (0.000000+0.000000j), (0.000000+0.000000j), (0.000000+0.000000j), (0.000000+0.000000j), (0.000000+0.000000j), (0.000000+0.000000j), (0.000000+0.000000j), (0.000000+0.000000j), (0.000000+0.000000j), (0.000000+0.000000j), (0.000000+0.000000j), (0.000000+0.000000j), (0.000000+0.000000j), (0.000000+0.000000j), (0.000000+0.000000j), (0.000000+0.000000j), (0.000000+0.000000j), (0.000000+0.000000j), (0.000000+0.000000j), (0.000000+0.000000j), (0.000000+0.000000j), (0.000000+0.000000j)
 (0.000000+0.000000j), (0.000000+0.000000j), (0.000000+0.000000j), (0.000000+0.000000j), (0.000000+0.000000j), (0.000000+0.000000j), (0.000000+0.000000j), (0.000000+0.000000j), (0.000000+0.000000j), (0.000000+0.000000j), (1.414214+0.000000j), (0.000000+0.000000j), (0.000000+0.000000j), (0.000000+0.000000j), (0.000000+0.000000j), (0.000000+0.000000j), (0.000000+0.000000j), (0.000000+0.000000j), (0.000000+0.000000j), (0.000000+0.000000j), (0.000000+0.000000j), (0.000000+0.000000j), (0.000000+0.000000j), (0.000000+0.000000j), (0.000000+0.000000j), (0.000000+0.000000j), (0.000000+0.000000j), (0.000000+0.000000j), (0.000000+0.000000j), (0.000000+0.000000j), (0.000000+0.000000j), (0.000000+0.000000j), (0.000000+0.000000j), (0.000000+0.000000j), (0.000000+0.000000j), (0.000000+0.000000j), (0.000000+0.000000j), (0.000000+0.000000j), (0.000000+0.000000j), (0.000000+0.000000j), (0.000000+0.000000j), (0.000000+0.000000j), (0.000000+0.000000j), (0.000000+0.000000j), (0.000000+0.000000j), (0.000000+0.000000j), (0.000000+0.000000j), (0.000000+0.000000j), (0.000000+0.000000j), (0.000000+0.000000j), (0.000000+0.000000j), (0.000000+0.000000j), (0.000000+0.000000j), (0.000000+0.000000j), (0.000000+0.000000j), (0.000000+0.000000j)
 (0.000000+0.000000j), (0.000000+0.000000j), (0.000000+0.000000j), (0.000000+0.000000j), (0.000000+0.000000j), (0.000000+0.000000j), (0.000000+0.000000j), (0.000000+0.000000j), (0.000000+0.000000j), (0.000000+0.000000j), (0.000000+0.000000j), (1.414214+0.000000j), (0.000000+0.000000j), (0.000000+0.000000j), (0.000000+0.000000j), (0.000000+0.000000j), (0.000000+0.000000j), (0.000000+0.000000j), (0.000000+0.000000j), (0.000000+0.000000j), (0.000000+0.000000j), (0.000000+0.000000j), (0.000000+0.000000j), (0.000000+0.000000j), (0.000000+0.000000j), (0.000000+0.000000j), (0.000000+0.000000j), (0.000000+0.000000j), (0.000000+0.000000j), (0.000000+0.000000j), (0.000000+0.000000j), (0.000000+0.000000j), (0.000000+0.000000j), (0.000000+0.000000j), (0.000000+0.000000j), (0.000000+0.000000j), (0.000000+0.000000j), (0.000000+0.000000j), (0.000000+0.000000j), (0.000000+0.000000j), (0.000000+0.000000j), (0.000000+0.000000j), (0.000000+0.000000j), (0.000000+0.000000j), (0.000000+0.000000j), (0.000000+0.000000j), (0.000000+0.000000j), (0.000000+0.000000j), (0.000000+0.000000j), (0.000000+0.000000j), (0.000000+0.000000j), (0.000000+0.000000j), (0.000000+0.000000j), (0.000000+0.000000j), (0.000000+0.000000j), (0.000000+0.000000j)
 (0.000000+0.000000j), (0.000000+0.000000j), (0.000000+0.000000j), (0.000000+0.000000j), (0.000000+0.000000j), (0.000000+0.000000j), (0.000000+0.000000j), (0.000000+0.000000j), (0.000000+0.000000j), (0.000000+0.000000j), (0.000000+0.000000j), (0.000000+0.000000j), (1.414214+0.000000j), (0.000000+0.000000j), (0.000000+0.000000j), (0.000000+0.000000j), (0.000000+0.000000j), (0.000000+0.000000j), (0.000000+0.000000j), (0.000000+0.000000j), (0.000000+0.000000j), (0.000000+0.000000j), (0.000000+0.000000j), (0.000000+0.000000j), (0.000000+0.000000j), (0.000000+0.000000j), (0.000000+0.000000j), (0.000000+0.000000j), (0.000000+0.000000j), (0.000000+0.000000j), (0.000000+0.000000j), (0.000000+0.000000j), (0.000000+0.000000j), (0.000000+0.000000j), (0.000000+0.000000j), (0.000000+0.000000j), (0.000000+0.000000j), (0.000000+0.000000j), (0.000000+0.000000j), (0.000000+0.000000j), (0.000000+0.000000j), (0.000000+0.000000j), (0.000000+0.000000j), (0.000000+0.000000j), (0.000000+0.000000j), (0.000000+0.000000j), (0.000000+0.000000j), (0.000000+0.000000j), (0.000000+0.000000j), (0.000000+0.000000j), (0.000000+0.000000j), (0.000000+0.000000j), (0.000000+0.000000j), (0.000000+0.000000j), (0.000000+0.000000j), (0.000000+0.000000j)
 (0.000000+0.000000j), (0.000000+0.000000j), (0.000000+0.000000j), (0.000000+0.000000j), (0.000000+0.000000j), (0.000000+0.000000j), (0.000000+0.000000j), (0.000000+0.000000j), (0.000000+0.000000j), (0.000000+0.000000j), (0.000000+0.000000j), (0.000000+0.000000j), (0.000000+0.000000j), (1.414214+0.000000j), (0.000000+0.000000j), (0.000000+0.000000j), (0.000000+0.000000j), (0.000000+0.000000j), (0.000000+0.000000j), (0.000000+0.000000j), (0.000000+0.000000j), (0.000000+0.000000j), (0.000000+0.000000j), (0.000000+0.000000j), (0.000000+0.000000j), (0.000000+0.000000j), (0.000000+0.000000j), (0.000000+0.000000j), (0.000000+0.000000j), (0.000000+0.000000j), (0.000000+0.000000j), (0.000000+0.000000j), (0.000000+0.000000j), (0.000000+0.000000j), (0.000000+0.000000j), (0.000000+0.000000j), (0.000000+0.000000j), (0.000000+0.000000j), (0.000000+0.000000j), (0.000000+0.000000j), (0.000000+0.000000j), (0.000000+0.000000j), (0.000000+0.000000j), (0.000000+0.000000j), (0.000000+0.000000j), (0.000000+0.000000j), (0.000000+0.000000j), (0.000000+0.000000j), (0.000000+0.000000j), (0.000000+0.000000j), (0.000000+0.000000j), (0.000000+0.000000j), (0.000000+0.000000j), (0.000000+0.000000j), (0.000000+0.000000j), (0.000000+0.000000j)
 (0.000000+0.000000j), (0.000000+0.000000j), (0.000000+0.000000j), (0.000000+0.000000j), (0.000000+0.000000j), (0.000000+0.000000j), (0.000000+0.000000j), (0.000000+0.000000j), (0.000000+0.000000j), (0.000000+0.000000j), (0.000000+0.000000j), (0.000000+0.000000j), (0.000000+0.000000j), (0.000000+0.000000j), (1.414214+0.000000j), (0.000000+0.000000j), (0.000000+0.000000j), (0.000000+0.000000j), (0.000000+0.000000j), (0.000000+0.000000j), (0.000000+0.000000j), (0.000000+0.000000j), (0.000000+0.000000j), (0.000000+0.000000j), (0.000000+0.000000j), (0.000000+0.000000j), (0.000000+0.000000j), (0.000000+0.000000j), (0.000000+0.000000j), (0.000000+0.000000j), (0.000000+0.000000j), (0.000000+0.000000j), (0.000000+0.000000j), (0.000000+0.000000j), (0.000000+0.000000j), (0.000000+0.000000j), (0.000000+0.000000j), (0.000000+0.000000j), (0.000000+0.000000j), (0.000000+0.000000j), (0.000000+0.000000j), (0.000000+0.000000j), (0.000000+0.000000j), (0.000000+0.000000j), (0.000000+0.000000j), (0.000000+0.000000j), (0.000000+0.000000j), (0.000000+0.000000j), (0.000000+0.000000j), (0.000000+0.000000j), (0.000000+0.000000j), (0.000000+0.000000j), (0.000000+0.000000j), (0.000000+0.000000j), (0.000000+0.000000j), (0.000000+0.000000j)
 (0.000000+0.000000j), (0.000000+0.000000j), (0.000000+0.000000j), (0.000000+0.000000j), (0.000000+0.000000j), (0.000000+0.000000j), (0.000000+0.000000j), (0.000000+0.000000j), (0.000000+0.000000j), (0.000000+0.000000j), (0.000000+0.000000j), (0.000000+0.000000j), (0.000000+0.000000j), (0.000000+0.000000j), (0.000000+0.000000j), (1.414214+0.000000j), (0.000000+0.000000j), (0.000000+0.000000j), (0.000000+0.000000j), (0.000000+0.000000j), (0.000000+0.000000j), (0.000000+0.000000j), (0.000000+0.000000j), (0.000000+0.000000j), (0.000000+0.000000j), (0.000000+0.000000j), (0.000000+0.000000j), (0.000000+0.000000j), (0.000000+0.000000j), (0.000000+0.000000j), (0.000000+0.000000j), (0.000000+0.000000j), (0.000000+0.000000j), (0.000000+0.000000j), (0.000000+0.000000j), (0.000000+0.000000j), (0.000000+0.000000j), (0.000000+0.000000j), (0.000000+0.000000j), (0.000000+0.000000j), (0.000000+0.000000j), (0.000000+0.000000j), (0.000000+0.000000j), (0.000000+0.000000j), (0.000000+0.000000j), (0.000000+0.000000j), (0.000000+0.000000j), (0.000000+0.000000j), (0.000000+0.000000j), (0.000000+0.000000j), (0.000000+0.000000j), (0.000000+0.000000j), (0.000000+0.000000j), (0.000000+0.000000j), (0.000000+0.000000j), (0.000000+0.000000j)
 (0.000000+0.000000j), (0.000000+0.000000j), (0.000000+0.000000j), (0.000000+0.000000j), (0.000000+0.000000j), (0.000000+0.000000j), (0.000000+0.000000j), (0.000000+0.000000j), (0.000000+0.000000j), (0.000000+0.000000j), (0.000000+0.000000j), (0.000000+0.000000j), (0.000000+0.000000j), (0.000000+0.000000j), (0.000000+0.000000j), (0.000000+0.000000j), (1.414214+0.000000j), (0.000000+0.000000j), (0.000000+0.000000j), (0.000000+0.000000j), (0.000000+0.000000j), (0.000000+0.000000j), (0.000000+0.000000j), (0.000000+0.000000j), (0.000000+0.000000j), (0.000000+0.000000j), (0.000000+0.000000j), (0.000000+0.000000j), (0.000000+0.000000j), (0.000000+0.000000j), (0.000000+0.000000j), (0.000000+0.000000j), (0.000000+0.000000j), (0.000000+0.000000j), (0.000000+0.000000j), (0.000000+0.000000j), (0.000000+0.000000j), (0.000000+0.000000j), (0.000000+0.000000j), (0.000000+0.000000j), (0.000000+0.000000j), (0.000000+0.000000j), (0.000000+0.000000j), (0.000000+0.000000j), (0.000000+0.000000j), (0.000000+0.000000j), (0.000000+0.000000j), (0.000000+0.000000j), (0.000000+0.000000j), (0.000000+0.000000j), (0.000000+0.000000j), (0.000000+0.000000j), (0.000000+0.000000j), (0.000000+0.000000j), (0.000000+0.000000j), (0.000000+0.000000j)
 (0.000000+0.000000j), (0.000000+0.000000j), (0.000000+0.000000j), (0.000000+0.000000j), (0.000000+0.000000j), (0.000000+0.000000j), (0.000000+0.000000j), (0.000000+0.000000j), (0.000000+0.000000j), (0.000000+0.000000j), (0.000000+0.000000j), (0.000000+0.000000j), (0.000000+0.000000j), (0.000000+0.000000j), (0.000000+0.000000j), (0.000000+0.000000j), (0.000000+0.000000j), (1.414214+0.000000j), (0.000000+0.000000j), (0.000000+0.000000j), (0.000000+0.000000j), (0.000000+0.000000j), (0.000000+0.000000j), (0.000000+0.000000j), (0.000000+0.000000j), (0.000000+0.000000j), (0.000000+0.000000j), (0.000000+0.000000j), (0.000000+0.000000j), (0.000000+0.000000j), (0.000000+0.000000j), (0.000000+0.000000j), (0.000000+0.000000j), (0.000000+0.000000j), (0.000000+0.000000j), (0.000000+0.000000j), (0.000000+0.000000j), (0.000000+0.000000j), (0.000000+0.000000j), (0.000000+0.000000j), (0.000000+0.000000j), (0.000000+0.000000j), (0.000000+0.000000j), (0.000000+0.000000j), (0.000000+0.000000j), (0.000000+0.000000j), (0.000000+0.000000j), (0.000000+0.000000j), (0.000000+0.000000j), (0.000000+0.000000j), (0.000000+0.000000j), (0.000000+0.000000j), (0.000000+0.000000j), (0.000000+0.000000j), (0.000000+0.000000j), (0.000000+0.000000j)
 (0.000000+0.000000j), (0.000000+0.000000j), (0.000000+0.000000j), (0.000000+0.000000j), (0.000000+0.000000j), (0.000000+0.000000j), (0.000000+0.000000j), (0.000000+0.000000j), (0.000000+0.000000j), (0.000000+0.000000j), (0.000000+0.000000j), (0.000000+0.000000j), (0.000000+0.000000j), (0.000000+0.000000j), (0.000000+0.000000j), (0.000000+0.000000j), (0.000000+0.000000j), (0.000000+0.000000j), (1.414214+0.000000j), (0.000000+0.000000j), (0.000000+0.000000j), (0.000000+0.000000j), (0.000000+0.000000j), (0.000000+0.000000j), (0.000000+0.000000j), (0.000000+0.000000j), (0.000000+0.000000j), (0.000000+0.000000j), (0.000000+0.000000j), (0.000000+0.000000j), (0.000000+0.000000j), (0.000000+0.000000j), (0.000000+0.000000j), (0.000000+0.000000j), (0.000000+0.000000j), (0.000000+0.000000j), (0.000000+0.000000j), (0.000000+0.000000j), (0.000000+0.000000j), (0.000000+0.000000j), (0.000000+0.000000j), (0.000000+0.000000j), (0.000000+0.000000j), (0.000000+0.000000j), (0.000000+0.000000j), (0.000000+0.000000j), (0.000000+0.000000j), (0.000000+0.000000j), (0.000000+0.000000j), (0.000000+0.000000j), (0.000000+0.000000j), (0.000000+0.000000j), (0.000000+0.000000j), (0.000000+0.000000j), (0.000000+0.000000j), (0.000000+0.000000j)
 (0.000000+0.000000j), (0.000000+0.000000j), (0.000000+0.000000j), (0.000000+0.000000j), (0.000000+0.000000j), (0.000000+0.000000j), (0.000000+0.000000j), (0.000000+0.000000j), (0.000000+0.000000j), (0.000000+0.000000j), (0.000000+0.000000j), (0.000000+0.000000j), (0.000000+0.000000j), (0.000000+0.000000j), (0.000000+0.000000j), (0.000000+0.000000j), (0.000000+0.000000j), (0.000000+0.000000j), (0.000000+0.000000j), (1.414214+0.000000j), (0.000000+0.000000j), (0.000000+0.000000j), (0.000000+0.000000j), (0.000000+0.000000j), (0.000000+0.000000j), (0.000000+0.000000j), (0.000000+0.000000j), (0.000000+0.000000j), (0.000000+0.000000j), (0.000000+0.000000j), (0.000000+0.000000j), (0.000000+0.000000j), (0.000000+0.000000j), (0.000000+0.000000j), (0.000000+0.000000j), (0.000000+0.000000j), (0.000000+0.000000j), (0.000000+0.000000j), (0.000000+0.000000j), (0.000000+0.000000j), (0.000000+0.000000j), (0.000000+0.000000j), (0.000000+0.000000j), (0.000000+0.000000j), (0.000000+0.000000j), (0.000000+0.000000j), (0.000000+0.000000j), (0.000000+0.000000j), (0.000000+0.000000j), (0.000000+0.000000j), (0.000000+0.000000j), (0.000000+0.000000j), (0.000000+0.000000j), (0.000000+0.000000j), (0.000000+0.000000j), (0.000000+0.000000j)
 (0.000000+0.000000j), (0.000000+0.000000j), (0.000000+0.000000j), (0.000000+0.000000j), (0.000000+0.000000j), (0.000000+0.000000j), (0.000000+0.000000j), (0.000000+0.000000j), (0.000000+0.000000j), (0.000000+0.000000j), (0.000000+0.000000j), (0.000000+0.000000j), (0.000000+0.000000j), (0.000000+0.000000j), (0.000000+0.000000j), (0.000000+0.000000j), (0.000000+0.000000j), (0.000000+0.000000j), (0.000000+0.000000j), (0.000000+0.000000j), (1.414214+0.000000j), (0.000000+0.000000j), (0.000000+0.000000j), (0.000000+0.000000j), (0.000000+0.000000j), (0.000000+0.000000j), (0.000000+0.000000j), (0.000000+0.000000j), (0.000000+0.000000j), (0.000000+0.000000j), (0.000000+0.000000j), (0.000000+0.000000j), (0.000000+0.000000j), (0.000000+0.000000j), (0.000000+0.000000j), (0.000000+0.000000j), (0.000000+0.000000j), (0.000000+0.000000j), (0.000000+0.000000j), (0.000000+0.000000j), (0.000000+0.000000j), (0.000000+0.000000j), (0.000000+0.000000j), (0.000000+0.000000j), (0.000000+0.000000j), (0.000000+0.000000j), (0.000000+0.000000j), (0.000000+0.000000j), (0.000000+0.000000j), (0.000000+0.000000j), (0.000000+0.000000j), (0.000000+0.000000j), (0.000000+0.000000j), (0.000000+0.000000j), (0.000000+0.000000j), (0.000000+0.000000j)
 (0.000000+0.000000j), (0.000000+0.000000j), (0.000000+0.000000j), (0.000000+0.000000j), (0.000000+0.000000j), (0.000000+0.000000j), (0.000000+0.000000j), (0.000000+0.000000j), (0.000000+0.000000j), (0.000000+0.000000j), (0.000000+0.000000j), (0.000000+0.000000j), (0.000000+0.000000j), (0.000000+0.000000j), (0.000000+0.000000j), (0.000000+0.000000j), (0.000000+0.000000j), (0.000000+0.000000j), (0.000000+0.000000j), (0.000000+0.000000j), (0.000000+0.000000j), (1.414214+0.000000j), (0.000000+0.000000j), (0.000000+0.000000j), (0.000000+0.000000j), (0.000000+0.000000j), (0.000000+0.000000j), (0.000000+0.000000j), (0.000000+0.000000j), (0.000000+0.000000j), (0.000000+0.000000j), (0.000000+0.000000j), (0.000000+0.000000j), (0.000000+0.000000j), (0.000000+0.000000j), (0.000000+0.000000j), (0.000000+0.000000j), (0.000000+0.000000j), (0.000000+0.000000j), (0.000000+0.000000j), (0.000000+0.000000j), (0.000000+0.000000j), (0.000000+0.000000j), (0.000000+0.000000j), (0.000000+0.000000j), (0.000000+0.000000j), (0.000000+0.000000j), (0.000000+0.000000j), (0.000000+0.000000j), (0.000000+0.000000j), (0.000000+0.000000j), (0.000000+0.000000j), (0.000000+0.000000j), (0.000000+0.000000j), (0.000000+0.000000j), (0.000000+0.000000j)
 (0.000000+0.000000j), (0.000000+0.000000j), (0.000000+0.000000j), (0.000000+0.000000j), (0.000000+0.000000j), (0.000000+0.000000j), (0.000000+0.000000j), (0.000000+0.000000j), (0.000000+0.000000j), (0.000000+0.000000j), (0.000000+0.000000j), (0.000000+0.000000j), (0.000000+0.000000j), (0.000000+0.000000j), (0.000000+0.000000j), (0.000000+0.000000j), (0.000000+0.000000j), (0.000000+0.000000j), (0.000000+0.000000j), (0.000000+0.000000j), (0.000000+0.000000j), (0.000000+0.000000j), (1.414214+0.000000j), (0.000000+0.000000j), (0.000000+0.000000j), (0.000000+0.000000j), (0.000000+0.000000j), (0.000000+0.000000j), (0.000000+0.000000j), (0.000000+0.000000j), (0.000000+0.000000j), (0.000000+0.000000j), (0.000000+0.000000j), (0.000000+0.000000j), (0.000000+0.000000j), (0.000000+0.000000j), (0.000000+0.000000j), (0.000000+0.000000j), (0.000000+0.000000j), (0.000000+0.000000j), (0.000000+0.000000j), (0.000000+0.000000j), (0.000000+0.000000j), (0.000000+0.000000j), (0.000000+0.000000j), (0.000000+0.000000j), (0.000000+0.000000j), (0.000000+0.000000j), (0.000000+0.000000j), (0.000000+0.000000j), (0.000000+0.000000j), (0.000000+0.000000j), (0.000000+0.000000j), (0.000000+0.000000j), (0.000000+0.000000j), (0.000000+0.000000j)
 (0.000000+0.000000j), (0.000000+0.000000j), (0.000000+0.000000j), (0.000000+0.000000j), (0.000000+0.000000j), (0.000000+0.000000j), (0.000000+0.000000j), (0.000000+0.000000j), (0.000000+0.000000j), (0.000000+0.000000j), (0.000000+0.000000j), (0.000000+0.000000j), (0.000000+0.000000j), (0.000000+0.000000j), (0.000000+0.000000j), (0.000000+0.000000j), (0.000000+0.000000j), (0.000000+0.000000j), (0.000000+0.000000j), (0.000000+0.000000j), (0.000000+0.000000j), (0.000000+0.000000j), (0.000000+0.000000j), (1.414214+0.000000j), (0.000000+0.000000j), (0.000000+0.000000j), (0.000000+0.000000j), (0.000000+0.000000j), (0.000000+0.000000j), (0.000000+0.000000j), (0.000000+0.000000j), (0.000000+0.000000j), (0.000000+0.000000j), (0.000000+0.000000j), (0.000000+0.000000j), (0.000000+0.000000j), (0.000000+0.000000j), (0.000000+0.000000j), (0.000000+0.000000j), (0.000000+0.000000j), (0.000000+0.000000j), (0.000000+0.000000j), (0.000000+0.000000j), (0.000000+0.000000j), (0.000000+0.000000j), (0.000000+0.000000j), (0.000000+0.000000j), (0.000000+0.000000j), (0.000000+0.000000j), (0.000000+0.000000j), (0.000000+0.000000j), (0.000000+0.000000j), (0.000000+0.000000j), (0.000000+0.000000j), (0.000000+0.000000j), (0.000000+0.000000j)
 (0.000000+0.000000j), (0.000000+0.000000j), (0.000000+0.000000j), (0.000000+0.000000j), (0.000000+0.000000j), (0.000000+0.000000j), (0.000000+0.000000j), (0.000000+0.000000j), (0.000000+0.000000j), (0.000000+0.000000j), (0.000000+0.000000j), (0.000000+0.000000j), (0.000000+0.000000j), (0.000000+0.000000j), (0.000000+0.000000j), (0.000000+0.000000j), (0.000000+0.000000j), (0.000000+0.000000j), (0.000000+0.000000j), (0.000000+0.000000j), (0.000000+0.000000j), (0.000000+0.000000j), (0.000000+0.000000j), (0.000000+0.000000j), (1.414214+0.000000j), (0.000000+0.000000j), (0.000000+0.000000j), (0.000000+0.000000j), (0.000000+0.000000j), (0.000000+0.000000j), (0.000000+0.000000j), (0.000000+0.000000j), (0.000000+0.000000j), (0.000000+0.000000j), (0.000000+0.000000j), (0.000000+0.000000j), (0.000000+0.000000j), (0.000000+0.000000j), (0.000000+0.000000j), (0.000000+0.000000j), (0.000000+0.000000j), (0.000000+0.000000j), (0.000000+0.000000j), (0.000000+0.000000j), (0.000000+0.000000j), (0.000000+0.000000j), (0.000000+0.000000j), (0.000000+0.000000j), (0.000000+0.000000j), (0.000000+0.000000j), (0.000000+0.000000j), (0.000000+0.000000j), (0.000000+0.000000j), (0.000000+0.000000j), (0.000000+0.000000j), (0.000000+0.000000j)
 (0.000000+0.000000j), (0.000000+0.000000j), (0.000000+0.000000j), (0.000000+0.000000j), (0.000000+0.000000j), (0.000000+0.000000j), (0.000000+0.000000j), (0.000000+0.000000j), (0.000000+0.000000j), (0.000000+0.000000j), (0.000000+0.000000j), (0.000000+0.000000j), (0.000000+0.000000j), (0.000000+0.000000j), (0.000000+0.000000j), (0.000000+0.000000j), (0.000000+0.000000j), (0.000000+0.000000j), (0.000000+0.000000j), (0.000000+0.000000j), (0.000000+0.000000j), (0.000000+0.000000j), (0.000000+0.000000j), (0.000000+0.000000j), (0.000000+0.000000j), (1.414214+0.000000j), (0.000000+0.000000j), (0.000000+0.000000j), (0.000000+0.000000j), (0.000000+0.000000j), (0.000000+0.000000j), (0.000000+0.000000j), (0.000000+0.000000j), (0.000000+0.000000j), (0.000000+0.000000j), (0.000000+0.000000j), (0.000000+0.000000j), (0.000000+0.000000j), (0.000000+0.000000j), (0.000000+0.000000j), (0.000000+0.000000j), (0.000000+0.000000j), (0.000000+0.000000j), (0.000000+0.000000j), (0.000000+0.000000j), (0.000000+0.000000j), (0.000000+0.000000j), (0.000000+0.000000j), (0.000000+0.000000j), (0.000000+0.000000j), (0.000000+0.000000j), (0.000000+0.000000j), (0.000000+0.000000j), (0.000000+0.000000j), (0.000000+0.000000j), (0.000000+0.000000j)
 (0.000000+0.000000j), (0.000000+0.000000j), (0.000000+0.000000j), (0.000000+0.000000j), (0.000000+0.000000j), (0.000000+0.000000j), (0.000000+0.000000j), (0.000000+0.000000j), (0.000000+0.000000j), (0.000000+0.000000j), (0.000000+0.000000j), (0.000000+0.000000j), (0.000000+0.000000j), (0.000000+0.000000j), (0.000000+0.000000j), (0.000000+0.000000j), (0.000000+0.000000j), (0.000000+0.000000j), (0.000000+0.000000j), (0.000000+0.000000j), (0.000000+0.000000j), (0.000000+0.000000j), (0.000000+0.000000j), (0.000000+0.000000j), (0.000000+0.000000j), (0.000000+0.000000j), (1.414214+0.000000j), (0.000000+0.000000j), (0.000000+0.000000j), (0.000000+0.000000j), (0.000000+0.000000j), (0.000000+0.000000j), (0.000000+0.000000j), (0.000000+0.000000j), (0.000000+0.000000j), (0.000000+0.000000j), (0.000000+0.000000j), (0.000000+0.000000j), (0.000000+0.000000j), (0.000000+0.000000j), (0.000000+0.000000j), (0.000000+0.000000j), (0.000000+0.000000j), (0.000000+0.000000j), (0.000000+0.000000j), (0.000000+0.000000j), (0.000000+0.000000j), (0.000000+0.000000j), (0.000000+0.000000j), (0.000000+0.000000j), (0.000000+0.000000j), (0.000000+0.000000j), (0.000000+0.000000j), (0.000000+0.000000j), (0.000000+0.000000j), (0.000000+0.000000j)
 (0.000000+0.000000j), (0.000000+0.000000j), (0.000000+0.000000j), (0.000000+0.000000j), (0.000000+0.000000j), (0.000000+0.000000j), (0.000000+0.000000j), (0.000000+0.000000j), (0.000000+0.000000j), (0.000000+0.000000j), (0.000000+0.000000j), (0.000000+0.000000j), (0.000000+0.000000j), (0.000000+0.000000j), (0.000000+0.000000j), (0.000000+0.000000j), (0.000000+0.000000j), (0.000000+0.000000j), (0.000000+0.000000j), (0.000000+0.000000j), (0.000000+0.000000j), (0.000000+0.000000j), (0.000000+0.000000j), (0.000000+0.000000j), (0.000000+0.000000j), (0.000000+0.000000j), (0.000000+0.000000j), (1.414214+0.000000j), (0.000000+0.000000j), (0.000000+0.000000j), (0.000000+0.000000j), (0.000000+0.000000j), (0.000000+0.000000j), (0.000000+0.000000j), (0.000000+0.000000j), (0.000000+0.000000j), (0.000000+0.000000j), (0.000000+0.000000j), (0.000000+0.000000j), (0.000000+0.000000j), (0.000000+0.000000j), (0.000000+0.000000j), (0.000000+0.000000j), (0.000000+0.000000j), (0.000000+0.000000j), (0.000000+0.000000j), (0.000000+0.000000j), (0.000000+0.000000j), (0.000000+0.000000j), (0.000000+0.000000j), (0.000000+0.000000j), (0.000000+0.000000j), (0.000000+0.000000j), (0.000000+0.000000j), (0.000000+0.000000j), (0.000000+0.000000j)
 (0.000000+0.000000j), (0.000000+0.000000j), (0.000000+0.000000j), (0.000000+0.000000j), (0.000000+0.000000j), (0.000000+0.000000j), (0.000000+0.000000j), (0.000000+0.000000j), (0.000000+0.000000j), (0.000000+0.000000j), (0.000000+0.000000j), (0.000000+0.000000j), (0.000000+0.000000j), (0.000000+0.000000j), (0.000000+0.000000j), (0.000000+0.000000j), (0.000000+0.000000j), (0.000000+0.000000j), (0.000000+0.000000j), (0.000000+0.000000j), (0.000000+0.000000j), (0.000000+0.000000j), (0.000000+0.000000j), (0.000000+0.000000j), (0.000000+0.000000j), (0.000000+0.000000j), (0.000000+0.000000j), (0.000000+0.000000j), (1.414214+0.000000j), (0.000000+0.000000j), (0.000000+0.000000j), (0.000000+0.000000j), (0.000000+0.000000j), (0.000000+0.000000j), (0.000000+0.000000j), (0.000000+0.000000j), (0.000000+0.000000j), (0.000000+0.000000j), (0.000000+0.000000j), (0.000000+0.000000j), (0.000000+0.000000j), (0.000000+0.000000j), (0.000000+0.000000j), (0.000000+0.000000j), (0.000000+0.000000j), (0.000000+0.000000j), (0.000000+0.000000j), (0.000000+0.000000j), (0.000000+0.000000j), (0.000000+0.000000j), (0.000000+0.000000j), (0.000000+0.000000j), (0.000000+0.000000j), (0.000000+0.000000j), (0.000000+0.000000j), (0.000000+0.000000j)
 (0.000000+0.000000j), (0.000000+0.000000j), (0.000000+0.000000j), (0.000000+0.000000j), (0.000000+0.000000j), (0.000000+0.000000j), (0.000000+0.000000j), (0.000000+0.000000j), (0.000000+0.000000j), (0.000000+0.000000j), (0.000000+0.000000j), (0.000000+0.000000j), (0.000000+0.000000j), (0.000000+0.000000j), (0.000000+0.000000j), (0.000000+0.000000j), (0.000000+0.000000j), (0.000000+0.000000j), (0.000000+0.000000j), (0.000000+0.000000j), (0.000000+0.000000j), (0.000000+0.000000j), (0.000000+0.000000j), (0.000000+0.000000j), (0.000000+0.000000j), (0.000000+0.000000j), (0.000000+0.000000j), (0.000000+0.000000j), (0.000000+0.000000j), (1.414214+0.000000j), (0.000000+0.000000j), (0.000000+0.000000j), (0.000000+0.000000j), (0.000000+0.000000j), (0.000000+0.000000j), (0.000000+0.000000j), (0.000000+0.000000j), (0.000000+0.000000j), (0.000000+0.000000j), (0.000000+0.000000j), (0.000000+0.000000j), (0.000000+0.000000j), (0.000000+0.000000j), (0.000000+0.000000j), (0.000000+0.000000j), (0.000000+0.000000j), (0.000000+0.000000j), (0.000000+0.000000j), (0.000000+0.000000j), (0.000000+0.000000j), (0.000000+0.000000j), (0.000000+0.000000j), (0.000000+0.000000j), (0.000000+0.000000j), (0.000000+0.000000j), (0.000000+0.000000j)
 (0.000000+0.000000j), (0.000000+0.000000j), (0.000000+0.000000j), (0.000000+0.000000j), (0.000000+0.000000j), (0.000000+0.000000j), (0.000000+0.000000j), (0.000000+0.000000j), (0.000000+0.000000j), (0.000000+0.000000j), (0.000000+0.000000j), (0.000000+0.000000j), (0.000000+0.000000j), (0.000000+0.000000j), (0.000000+0.000000j), (0.000000+0.000000j), (0.000000+0.000000j), (0.000000+0.000000j), (0.000000+0.000000j), (0.000000+0.000000j), (0.000000+0.000000j), (0.000000+0.000000j), (0.000000+0.000000j), (0.000000+0.000000j), (0.000000+0.000000j), (0.000000+0.000000j), (0.000000+0.000000j), (0.000000+0.000000j), (0.000000+0.000000j), (0.000000+0.000000j), (1.414214+0.000000j), (0.000000+0.000000j), (0.000000+0.000000j), (0.000000+0.000000j), (0.000000+0.000000j), (0.000000+0.000000j), (0.000000+0.000000j), (0.000000+0.000000j), (0.000000+0.000000j), (0.000000+0.000000j), (0.000000+0.000000j), (0.000000+0.000000j), (0.000000+0.000000j), (0.000000+0.000000j), (0.000000+0.000000j), (0.000000+0.000000j), (0.000000+0.000000j), (0.000000+0.000000j), (0.000000+0.000000j), (0.000000+0.000000j), (0.000000+0.000000j), (0.000000+0.000000j), (0.000000+0.000000j), (0.000000+0.000000j), (0.000000+0.000000j), (0.000000+0.000000j)
 (0.000000+0.000000j), (0.000000+0.000000j), (0.000000+0.000000j), (0.000000+0.000000j), (0.000000+0.000000j), (0.000000+0.000000j), (0.000000+0.000000j), (0.000000+0.000000j), (0.000000+0.000000j), (0.000000+0.000000j), (0.000000+0.000000j), (0.000000+0.000000j), (0.000000+0.000000j), (0.000000+0.000000j), (0.000000+0.000000j), (0.000000+0.000000j), (0.000000+0.000000j), (0.000000+0.000000j), (0.000000+0.000000j), (0.000000+0.000000j), (0.000000+0.000000j), (0.000000+0.000000j), (0.000000+0.000000j), (0.000000+0.000000j), (0.000000+0.000000j), (0.000000+0.000000j), (0.000000+0.000000j), (0.000000+0.000000j), (0.000000+0.000000j), (0.000000+0.000000j), (0.000000+0.000000j), (1.414214+0.000000j), (0.000000+0.000000j), (0.000000+0.000000j), (0.000000+0.000000j), (0.000000+0.000000j), (0.000000+0.000000j), (0.000000+0.000000j), (0.000000+0.000000j), (0.000000+0.000000j), (0.000000+0.000000j), (0.000000+0.000000j), (0.000000+0.000000j), (0.000000+0.000000j), (0.000000+0.000000j), (0.000000+0.000000j), (0.000000+0.000000j), (0.000000+0.000000j), (0.000000+0.000000j), (0.000000+0.000000j), (0.000000+0.000000j), (0.000000+0.000000j), (0.000000+0.000000j), (0.000000+0.000000j), (0.000000+0.000000j), (0.000000+0.000000j)
 (0.000000+0.000000j), (0.000000+0.000000j), (0.000000+0.000000j), (0.000000+0.000000j), (0.000000+0.000000j), (0.000000+0.000000j), (0.000000+0.000000j), (0.000000+0.000000j), (0.000000+0.000000j), (0.000000+0.000000j), (0.000000+0.000000j), (0.000000+0.000000j), (0.000000+0.000000j), (0.000000+0.000000j), (0.000000+0.000000j), (0.000000+0.000000j), (0.000000+0.000000j), (0.000000+0.000000j), (0.000000+0.000000j), (0.000000+0.000000j), (0.000000+0.000000j), (0.000000+0.000000j), (0.000000+0.000000j), (0.000000+0.000000j), (0.000000+0.000000j), (0.000000+0.000000j), (0.000000+0.000000j), (0.000000+0.000000j), (0.000000+0.000000j), (0.000000+0.000000j), (0.000000+0.000000j), (0.000000+0.000000j), (1.414214+0.000000j), (0.000000+0.000000j), (0.000000+0.000000j), (0.000000+0.000000j), (0.000000+0.000000j), (0.000000+0.000000j), (0.000000+0.000000j), (0.000000+0.000000j), (0.000000+0.000000j), (0.000000+0.000000j), (0.000000+0.000000j), (0.000000+0.000000j), (0.000000+0.000000j), (0.000000+0.000000j), (0.000000+0.000000j), (0.000000+0.000000j), (0.000000+0.000000j), (0.000000+0.000000j), (0.000000+0.000000j), (0.000000+0.000000j), (0.000000+0.000000j), (0.000000+0.000000j), (0.000000+0.000000j), (0.000000+0.000000j)
 (0.000000+0.000000j), (0.000000+0.000000j), (0.000000+0.000000j), (0.000000+0.000000j), (0.000000+0.000000j), (0.000000+0.000000j), (0.000000+0.000000j), (0.000000+0.000000j), (0.000000+0.000000j), (0.000000+0.000000j), (0.000000+0.000000j), (0.000000+0.000000j), (0.000000+0.000000j), (0.000000+0.000000j), (0.000000+0.000000j), (0.000000+0.000000j), (0.000000+0.000000j), (0.000000+0.000000j), (0.000000+0.000000j), (0.000000+0.000000j), (0.000000+0.000000j), (0.000000+0.000000j), (0.000000+0.000000j), (0.000000+0.000000j), (0.000000+0.000000j), (0.000000+0.000000j), (0.000000+0.000000j), (0.000000+0.000000j), (0.000000+0.000000j), (0.000000+0.000000j), (0.000000+0.000000j), (0.000000+0.000000j), (0.000000+0.000000j), (1.414214+0.000000j), (0.000000+0.000000j), (0.000000+0.000000j), (0.000000+0.000000j), (0.000000+0.000000j), (0.000000+0.000000j), (0.000000+0.000000j), (0.000000+0.000000j), (0.000000+0.000000j), (0.000000+0.000000j), (0.000000+0.000000j), (0.000000+0.000000j), (0.000000+0.000000j), (0.000000+0.000000j), (0.000000+0.000000j), (0.000000+0.000000j), (0.000000+0.000000j), (0.000000+0.000000j), (0.000000+0.000000j), (0.000000+0.000000j), (0.000000+0.000000j), (0.000000+0.000000j), (0.000000+0.000000j)
 (0.000000+0.000000j), (0.000000+0.000000j), (0.000000+0.000000j), (0.000000+0.000000j), (0.000000+0.000000j), (0.000000+0.000000j), (0.000000+0.000000j), (0.000000+0.000000j), (0.000000+0.000000j), (0.000000+0.000000j), (0.000000+0.000000j), (0.000000+0.000000j), (0.000000+0.000000j), (0.000000+0.000000j), (0.000000+0.000000j), (0.000000+0.000000j), (0.000000+0.000000j), (0.000000+0.000000j), (0.000000+0.000000j), (0.000000+0.000000j), (0.000000+0.000000j), (0.000000+0.000000j), (0.000000+0.000000j), (0.000000+0.000000j), (0.000000+0.000000j), (0.000000+0.000000j), (0.000000+0.000000j), (0.000000+0.000000j), (0.000000+0.000000j), (0.000000+0.000000j), (0.000000+0.000000j), (0.000000+0.000000j), (0.000000+0.000000j), (0.000000+0.000000j), (1.414214+0.000000j), (0.000000+0.000000j), (0.000000+0.000000j), (0.000000+0.000000j), (0.000000+0.000000j), (0.000000+0.000000j), (0.000000+0.000000j), (0.000000+0.000000j), (0.000000+0.000000j), (0.000000+0.000000j), (0.000000+0.000000j), (0.000000+0.000000j), (0.000000+0.000000j), (0.000000+0.000000j), (0.000000+0.000000j), (0.000000+0.000000j), (0.000000+0.000000j), (0.000000+0.000000j), (0.000000+0.000000j), (0.000000+0.000000j), (0.000000+0.000000j), (0.000000+0.000000j)
 (0.000000+0.000000j), (0.000000+0.000000j), (0.000000+0.000000j), (0.000000+0.000000j), (0.000000+0.000000j), (0.000000+0.000000j), (0.000000+0.000000j), (0.000000+0.000000j), (0.000000+0.000000j), (0.000000+0.000000j), (0.000000+0.000000j), (0.000000+0.000000j), (0.000000+0.000000j), (0.000000+0.000000j), (0.000000+0.000000j), (0.000000+0.000000j), (0.000000+0.000000j), (0.000000+0.000000j), (0.000000+0.000000j), (0.000000+0.000000j), (0.000000+0.000000j), (0.000000+0.000000j), (0.000000+0.000000j), (0.000000+0.000000j), (0.000000+0.000000j), (0.000000+0.000000j), (0.000000+0.000000j), (0.000000+0.000000j), (0.000000+0.000000j), (0.000000+0.000000j), (0.000000+0.000000j), (0.000000+0.000000j), (0.000000+0.000000j), (0.000000+0.000000j), (0.000000+0.000000j), (1.414214+0.000000j), (0.000000+0.000000j), (0.000000+0.000000j), (0.000000+0.000000j), (0.000000+0.000000j), (0.000000+0.000000j), (0.000000+0.000000j), (0.000000+0.000000j), (0.000000+0.000000j), (0.000000+0.000000j), (0.000000+0.000000j), (0.000000+0.000000j), (0.000000+0.000000j), (0.000000+0.000000j), (0.000000+0.000000j), (0.000000+0.000000j), (0.000000+0.000000j), (0.000000+0.000000j), (0.000000+0.000000j), (0.000000+0.000000j), (0.000000+0.000000j)
 (0.000000+0.000000j), (0.000000+0.000000j), (0.000000+0.000000j), (0.000000+0.000000j), (0.000000+0.000000j), (0.000000+0.000000j), (0.000000+0.000000j), (0.000000+0.000000j), (0.000000+0.000000j), (0.000000+0.000000j), (0.000000+0.000000j), (0.000000+0.000000j), (0.000000+0.000000j), (0.000000+0.000000j), (0.000000+0.000000j), (0.000000+0.000000j), (0.000000+0.000000j), (0.000000+0.000000j), (0.000000+0.000000j), (0.000000+0.000000j), (0.000000+0.000000j), (0.000000+0.000000j), (0.000000+0.000000j), (0.000000+0.000000j), (0.000000+0.000000j), (0.000000+0.000000j), (0.000000+0.000000j), (0.000000+0.000000j), (0.000000+0.000000j), (0.000000+0.000000j), (0.000000+0.000000j), (0.000000+0.000000j), (0.000000+0.000000j), (0.000000+0.000000j), (0.000000+0.000000j), (0.000000+0.000000j), (1.414214+0.000000j), (0.000000+0.000000j), (0.000000+0.000000j), (0.000000+0.000000j), (0.000000+0.000000j), (0.000000+0.000000j), (0.000000+0.000000j), (0.000000+0.000000j), (0.000000+0.000000j), (0.000000+0.000000j), (0.000000+0.000000j), (0.000000+0.000000j), (0.000000+0.000000j), (0.000000+0.000000j), (0.000000+0.000000j), (0.000000+0.000000j), (0.000000+0.000000j), (0.000000+0.000000j), (0.000000+0.000000j), (0.000000+0.000000j)
 (0.000000+0.000000j), (0.000000+0.000000j), (0.000000+0.000000j), (0.000000+0.000000j), (0.000000+0.000000j), (0.000000+0.000000j), (0.000000+0.000000j), (0.000000+0.000000j), (0.000000+0.000000j), (0.000000+0.000000j), (0.000000+0.000000j), (0.000000+0.000000j), (0.000000+0.000000j), (0.000000+0.000000j), (0.000000+0.000000j), (0.000000+0.000000j), (0.000000+0.000000j), (0.000000+0.000000j), (0.000000+0.000000j), (0.000000+0.000000j), (0.000000+0.000000j), (0.000000+0.000000j), (0.000000+0.000000j), (0.000000+0.000000j), (0.000000+0.000000j), (0.000000+0.000000j), (0.000000+0.000000j), (0.000000+0.000000j), (0.000000+0.000000j), (0.000000+0.000000j), (0.000000+0.000000j), (0.000000+0.000000j), (0.000000+0.000000j), (0.000000+0.000000j), (0.000000+0.000000j), (0.000000+0.000000j), (0.000000+0.000000j), (1.414214+0.000000j), (0.000000+0.000000j), (0.000000+0.000000j), (0.000000+0.000000j), (0.000000+0.000000j), (0.000000+0.000000j), (0.000000+0.000000j), (0.000000+0.000000j), (0.000000+0.000000j), (0.000000+0.000000j), (0.000000+0.000000j), (0.000000+0.000000j), (0.000000+0.000000j), (0.000000+0.000000j), (0.000000+0.000000j), (0.000000+0.000000j), (0.000000+0.000000j), (0.000000+0.000000j), (0.000000+0.000000j)
 (0.000000+0.000000j), (0.000000+0.000000j), (0.000000+0.000000j), (0.000000+0.000000j), (0.000000+0.000000j), (0.000000+0.000000j), (0.000000+0.000000j), (0.000000+0.000000j), (0.000000+0.000000j), (0.000000+0.000000j), (0.000000+0.000000j), (0.000000+0.000000j), (0.000000+0.000000j), (0.000000+0.000000j), (0.000000+0.000000j), (0.000000+0.000000j), (0.000000+0.000000j), (0.000000+0.000000j), (0.000000+0.000000j), (0.000000+0.000000j), (0.000000+0.000000j), (0.000000+0.000000j), (0.000000+0.000000j), (0.000000+0.000000j), (0.000000+0.000000j), (0.000000+0.000000j), (0.000000+0.000000j), (0.000000+0.000000j), (0.000000+0.000000j), (0.000000+0.000000j), (0.000000+0.000000j), (0.000000+0.000000j), (0.000000+0.000000j), (0.000000+0.000000j), (0.000000+0.000000j), (0.000000+0.000000j), (0.000000+0.000000j), (0.000000+0.000000j), (1.414214+0.000000j), (0.000000+0.000000j), (0.000000+0.000000j), (0.000000+0.000000j), (0.000000+0.000000j), (0.000000+0.000000j), (0.000000+0.000000j), (0.000000+0.000000j), (0.000000+0.000000j), (0.000000+0.000000j), (0.000000+0.000000j), (0.000000+0.000000j), (0.000000+0.000000j), (0.000000+0.000000j), (0.000000+0.000000j), (0.000000+0.000000j), (0.000000+0.000000j), (0.000000+0.000000j)
 (0.000000+0.000000j), (0.000000+0.000000j), (0.000000+0.000000j), (0.000000+0.000000j), (0.000000+0.000000j), (0.000000+0.000000j), (0.000000+0.000000j), (0.000000+0.000000j), (0.000000+0.000000j), (0.000000+0.000000j), (0.000000+0.000000j), (0.000000+0.000000j), (0.000000+0.000000j), (0.000000+0.000000j), (0.000000+0.000000j), (0.000000+0.000000j), (0.000000+0.000000j), (0.000000+0.000000j), (0.000000+0.000000j), (0.000000+0.000000j), (0.000000+0.000000j), (0.000000+0.000000j), (0.000000+0.000000j), (0.000000+0.000000j), (0.000000+0.000000j), (0.000000+0.000000j), (0.000000+0.000000j), (0.000000+0.000000j), (0.000000+0.000000j), (0.000000+0.000000j), (0.000000+0.000000j), (0.000000+0.000000j), (0.000000+0.000000j), (0.000000+0.000000j), (0.000000+0.000000j), (0.000000+0.000000j), (0.000000+0.000000j), (0.000000+0.000000j), (0.000000+0.000000j), (1.414214+0.000000j), (0.000000+0.000000j), (0.000000+0.000000j), (0.000000+0.000000j), (0.000000+0.000000j), (0.000000+0.000000j), (0.000000+0.000000j), (0.000000+0.000000j), (0.000000+0.000000j), (0.000000+0.000000j), (0.000000+0.000000j), (0.000000+0.000000j), (0.000000+0.000000j), (0.000000+0.000000j), (0.000000+0.000000j), (0.000000+0.000000j), (0.000000+0.000000j)
 (0.000000+0.000000j), (0.000000+0.000000j), (0.000000+0.000000j), (0.000000+0.000000j), (0.000000+0.000000j), (0.000000+0.000000j), (0.000000+0.000000j), (0.000000+0.000000j), (0.000000+0.000000j), (0.000000+0.000000j), (0.000000+0.000000j), (0.000000+0.000000j), (0.000000+0.000000j), (0.000000+0.000000j), (0.000000+0.000000j), (0.000000+0.000000j), (0.000000+0.000000j), (0.000000+0.000000j), (0.000000+0.000000j), (0.000000+0.000000j), (0.000000+0.000000j), (0.000000+0.000000j), (0.000000+0.000000j), (0.000000+0.000000j), (0.000000+0.000000j), (0.000000+0.000000j), (0.000000+0.000000j), (0.000000+0.000000j), (0.000000+0.000000j), (0.000000+0.000000j), (0.000000+0.000000j), (0.000000+0.000000j), (0.000000+0.000000j), (0.000000+0.000000j), (0.000000+0.000000j), (0.000000+0.000000j), (0.000000+0.000000j), (0.000000+0.000000j), (0.000000+0.000000j), (0.000000+0.000000j), (1.414214+0.000000j), (0.000000+0.000000j), (0.000000+0.000000j), (0.000000+0.000000j), (0.000000+0.000000j), (0.000000+0.000000j), (0.000000+0.000000j), (0.000000+0.000000j), (0.000000+0.000000j), (0.000000+0.000000j), (0.000000+0.000000j), (0.000000+0.000000j), (0.000000+0.000000j), (0.000000+0.000000j), (0.000000+0.000000j), (0.000000+0.000000j)
 (0.000000+0.000000j), (0.000000+0.000000j), (0.000000+0.000000j), (0.000000+0.000000j), (0.000000+0.000000j), (0.000000+0.000000j), (0.000000+0.000000j), (0.000000+0.000000j), (0.000000+0.000000j), (0.000000+0.000000j), (0.000000+0.000000j), (0.000000+0.000000j), (0.000000+0.000000j), (0.000000+0.000000j), (0.000000+0.000000j), (0.000000+0.000000j), (0.000000+0.000000j), (0.000000+0.000000j), (0.000000+0.000000j), (0.000000+0.000000j), (0.000000+0.000000j), (0.000000+0.000000j), (0.000000+0.000000j), (0.000000+0.000000j), (0.000000+0.000000j), (0.000000+0.000000j), (0.000000+0.000000j), (0.000000+0.000000j), (0.000000+0.000000j), (0.000000+0.000000j), (0.000000+0.000000j), (0.000000+0.000000j), (0.000000+0.000000j), (0.000000+0.000000j), (0.000000+0.000000j), (0.000000+0.000000j), (0.000000+0.000000j), (0.000000+0.000000j), (0.000000+0.000000j), (0.000000+0.000000j), (0.000000+0.000000j), (1.414214+0.000000j), (0.000000+0.000000j), (0.000000+0.000000j), (0.000000+0.000000j), (0.000000+0.000000j), (0.000000+0.000000j), (0.000000+0.000000j), (0.000000+0.000000j), (0.000000+0.000000j), (0.000000+0.000000j), (0.000000+0.000000j), (0.000000+0.000000j), (0.000000+0.000000j), (0.000000+0.000000j), (0.000000+0.000000j)
 (0.000000+0.000000j), (0.000000+0.000000j), (0.000000+0.000000j), (0.000000+0.000000j), (0.000000+0.000000j), (0.000000+0.000000j), (0.000000+0.000000j), (0.000000+0.000000j), (0.000000+0.000000j), (0.000000+0.000000j), (0.000000+0.000000j), (0.000000+0.000000j), (0.000000+0.000000j), (0.000000+0.000000j), (0.000000+0.000000j), (0.000000+0.000000j), (0.000000+0.000000j), (0.000000+0.000000j), (0.000000+0.000000j), (0.000000+0.000000j), (0.000000+0.000000j), (0.000000+0.000000j), (0.000000+0.000000j), (0.000000+0.000000j), (0.000000+0.000000j), (0.000000+0.000000j), (0.000000+0.000000j), (0.000000+0.000000j), (0.000000+0.000000j), (0.000000+0.000000j), (0.000000+0.000000j), (0.000000+0.000000j), (0.000000+0.000000j), (0.000000+0.000000j), (0.000000+0.000000j), (0.000000+0.000000j), (0.000000+0.000000j), (0.000000+0.000000j), (0.000000+0.000000j), (0.000000+0.000000j), (0.000000+0.000000j), (0.000000+0.000000j), (1.414214+0.000000j), (0.000000+0.000000j), (0.000000+0.000000j), (0.000000+0.000000j), (0.000000+0.000000j), (0.000000+0.000000j), (0.000000+0.000000j), (0.000000+0.000000j), (0.000000+0.000000j), (0.000000+0.000000j), (0.000000+0.000000j), (0.000000+0.000000j), (0.000000+0.000000j), (0.000000+0.000000j)
 (0.000000+0.000000j), (0.000000+0.000000j), (0.000000+0.000000j), (0.000000+0.000000j), (0.000000+0.000000j), (0.000000+0.000000j), (0.000000+0.000000j), (0.000000+0.000000j), (0.000000+0.000000j), (0.000000+0.000000j), (0.000000+0.000000j), (0.000000+0.000000j), (0.000000+0.000000j), (0.000000+0.000000j), (0.000000+0.000000j), (0.000000+0.000000j), (0.000000+0.000000j), (0.000000+0.000000j), (0.000000+0.000000j), (0.000000+0.000000j), (0.000000+0.000000j), (0.000000+0.000000j), (0.000000+0.000000j), (0.000000+0.000000j), (0.000000+0.000000j), (0.000000+0.000000j), (0.000000+0.000000j), (0.000000+0.000000j), (0.000000+0.000000j), (0.000000+0.000000j), (0.000000+0.000000j), (0.000000+0.000000j), (0.000000+0.000000j), (0.000000+0.000000j), (0.000000+0.000000j), (0.000000+0.000000j), (0.000000+0.000000j), (0.000000+0.000000j), (0.000000+0.000000j), (0.000000+0.000000j), (0.000000+0.000000j), (0.000000+0.000000j), (0.000000+0.000000j), (1.414214+0.000000j), (0.000000+0.000000j), (0.000000+0.000000j), (0.000000+0.000000j), (0.000000+0.000000j), (0.000000+0.000000j), (0.000000+0.000000j), (0.000000+0.000000j), (0.000000+0.000000j), (0.000000+0.000000j), (0.000000+0.000000j), (0.000000+0.000000j), (0.000000+0.000000j)
 (0.000000+0.000000j), (0.000000+0.000000j), (0.000000+0.000000j), (0.000000+0.000000j), (0.000000+0.000000j), (0.000000+0.000000j), (0.000000+0.000000j), (0.000000+0.000000j), (0.000000+0.000000j), (0.000000+0.000000j), (0.000000+0.000000j), (0.000000+0.000000j), (0.000000+0.000000j), (0.000000+0.000000j), (0.000000+0.000000j), (0.000000+0.000000j), (0.000000+0.000000j), (0.000000+0.000000j), (0.000000+0.000000j), (0.000000+0.000000j), (0.000000+0.000000j), (0.000000+0.000000j), (0.000000+0.000000j), (0.000000+0.000000j), (0.000000+0.000000j), (0.000000+0.000000j), (0.000000+0.000000j), (0.000000+0.000000j), (0.000000+0.000000j), (0.000000+0.000000j), (0.000000+0.000000j), (0.000000+0.000000j), (0.000000+0.000000j), (0.000000+0.000000j), (0.000000+0.000000j), (0.000000+0.000000j), (0.000000+0.000000j), (0.000000+0.000000j), (0.000000+0.000000j), (0.000000+0.000000j), (0.000000+0.000000j), (0.000000+0.000000j), (0.000000+0.000000j), (0.000000+0.000000j), (1.414214+0.000000j), (0.000000+0.000000j), (0.000000+0.000000j), (0.000000+0.000000j), (0.000000+0.000000j), (0.000000+0.000000j), (0.000000+0.000000j), (0.000000+0.000000j), (0.000000+0.000000j), (0.000000+0.000000j), (0.000000+0.000000j), (0.000000+0.000000j)
 (0.000000+0.000000j), (0.000000+0.000000j), (0.000000+0.000000j), (0.000000+0.000000j), (0.000000+0.000000j), (0.000000+0.000000j), (0.000000+0.000000j), (0.000000+0.000000j), (0.000000+0.000000j), (0.000000+0.000000j), (0.000000+0.000000j), (0.000000+0.000000j), (0.000000+0.000000j), (0.000000+0.000000j), (0.000000+0.000000j), (0.000000+0.000000j), (0.000000+0.000000j), (0.000000+0.000000j), (0.000000+0.000000j), (0.000000+0.000000j), (0.000000+0.000000j), (0.000000+0.000000j), (0.000000+0.000000j), (0.000000+0.000000j), (0.000000+0.000000j), (0.000000+0.000000j), (0.000000+0.000000j), (0.000000+0.000000j), (0.000000+0.000000j), (0.000000+0.000000j), (0.000000+0.000000j), (0.000000+0.000000j), (0.000000+0.000000j), (0.000000+0.000000j), (0.000000+0.000000j), (0.000000+0.000000j), (0.000000+0.000000j), (0.000000+0.000000j), (0.000000+0.000000j), (0.000000+0.000000j), (0.000000+0.000000j), (0.000000+0.000000j), (0.000000+0.000000j), (0.000000+0.000000j), (0.000000+0.000000j), (1.414214+0.000000j), (0.000000+0.000000j), (0.000000+0.000000j), (0.000000+0.000000j), (0.000000+0.000000j), (0.000000+0.000000j), (0.000000+0.000000j), (0.000000+0.000000j), (0.000000+0.000000j), (0.000000+0.000000j), (0.000000+0.000000j)
 (0.000000+0.000000j), (0.000000+0.000000j), (0.000000+0.000000j), (0.000000+0.000000j), (0.000000+0.000000j), (0.000000+0.000000j), (0.000000+0.000000j), (0.000000+0.000000j), (0.000000+0.000000j), (0.000000+0.000000j), (0.000000+0.000000j), (0.000000+0.000000j), (0.000000+0.000000j), (0.000000+0.000000j), (0.000000+0.000000j), (0.000000+0.000000j), (0.000000+0.000000j), (0.000000+0.000000j), (0.000000+0.000000j), (0.000000+0.000000j), (0.000000+0.000000j), (0.000000+0.000000j), (0.000000+0.000000j), (0.000000+0.000000j), (0.000000+0.000000j), (0.000000+0.000000j), (0.000000+0.000000j), (0.000000+0.000000j), (0.000000+0.000000j), (0.000000+0.000000j), (0.000000+0.000000j), (0.000000+0.000000j), (0.000000+0.000000j), (0.000000+0.000000j), (0.000000+0.000000j), (0.000000+0.000000j), (0.000000+0.000000j), (0.000000+0.000000j), (0.000000+0.000000j), (0.000000+0.000000j), (0.000000+0.000000j), (0.000000+0.000000j), (0.000000+0.000000j), (0.000000+0.000000j), (0.000000+0.000000j), (0.000000+0.000000j), (1.414214+0.000000j), (0.000000+0.000000j), (0.000000+0.000000j), (0.000000+0.000000j), (0.000000+0.000000j), (0.000000+0.000000j), (0.000000+0.000000j), (0.000000+0.000000j), (0.000000+0.000000j), (0.000000+0.000000j)
 (0.000000+0.000000j), (0.000000+0.000000j), (0.000000+0.000000j), (0.000000+0.000000j), (0.000000+0.000000j), (0.000000+0.000000j), (0.000000+0.000000j), (0.000000+0.000000j), (0.000000+0.000000j), (0.000000+0.000000j), (0.000000+0.000000j), (0.000000+0.000000j), (0.000000+0.000000j), (0.000000+0.000000j), (0.000000+0.000000j), (0.000000+0.000000j), (0.000000+0.000000j), (0.000000+0.000000j), (0.000000+0.000000j), (0.000000+0.000000j), (0.000000+0.000000j), (0.000000+0.000000j), (0.000000+0.000000j), (0.000000+0.000000j), (0.000000+0.000000j), (0.000000+0.000000j), (0.000000+0.000000j), (0.000000+0.000000j), (0.000000+0.000000j), (0.000000+0.000000j), (0.000000+0.000000j), (0.000000+0.000000j), (0.000000+0.000000j), (0.000000+0.000000j), (0.000000+0.000000j), (0.000000+0.000000j), (0.000000+0.000000j), (0.000000+0.000000j), (0.000000+0.000000j), (0.000000+0.000000j), (0.000000+0.000000j), (0.000000+0.000000j), (0.000000+0.000000j), (0.000000+0.000000j), (0.000000+0.000000j), (0.000000+0.000000j), (0.000000+0.000000j), (1.414214+0.000000j), (0.000000+0.000000j), (0.000000+0.000000j), (0.000000+0.000000j), (0.000000+0.000000j), (0.000000+0.000000j), (0.000000+0.000000j), (0.000000+0.000000j), (0.000000+0.000000j)
 (0.000000+0.000000j), (0.000000+0.000000j), (0.000000+0.000000j), (0.000000+0.000000j), (0.000000+0.000000j), (0.000000+0.000000j), (0.000000+0.000000j), (0.000000+0.000000j), (0.000000+0.000000j), (0.000000+0.000000j), (0.000000+0.000000j), (0.000000+0.000000j), (0.000000+0.000000j), (0.000000+0.000000j), (0.000000+0.000000j), (0.000000+0.000000j), (0.000000+0.000000j), (0.000000+0.000000j), (0.000000+0.000000j), (0.000000+0.000000j), (0.000000+0.000000j), (0.000000+0.000000j), (0.000000+0.000000j), (0.000000+0.000000j), (0.000000+0.000000j), (0.000000+0.000000j), (0.000000+0.000000j), (0.000000+0.000000j), (0.000000+0.000000j), (0.000000+0.000000j), (0.000000+0.000000j), (0.000000+0.000000j), (0.000000+0.000000j), (0.000000+0.000000j), (0.000000+0.000000j), (0.000000+0.000000j), (0.000000+0.000000j), (0.000000+0.000000j), (0.000000+0.000000j), (0.000000+0.000000j), (0.000000+0.000000j), (0.000000+0.000000j), (0.000000+0.000000j), (0.000000+0.000000j), (0.000000+0.000000j), (0.000000+0.000000j), (0.000000+0.000000j), (0.000000+0.000000j), (1.414214+0.000000j), (0.000000+0.000000j), (0.000000+0.000000j), (0.000000+0.000000j), (0.000000+0.000000j), (0.000000+0.000000j), (0.000000+0.000000j), (0.000000+0.000000j)
 (0.000000+0.000000j), (0.000000+0.000000j), (0.000000+0.000000j), (0.000000+0.000000j), (0.000000+0.000000j), (0.000000+0.000000j), (0.000000+0.000000j), (0.000000+0.000000j), (0.000000+0.000000j), (0.000000+0.000000j), (0.000000+0.000000j), (0.000000+0.000000j), (0.000000+0.000000j), (0.000000+0.000000j), (0.000000+0.000000j), (0.000000+0.000000j), (0.000000+0.000000j), (0.000000+0.000000j), (0.000000+0.000000j), (0.000000+0.000000j), (0.000000+0.000000j), (0.000000+0.000000j), (0.000000+0.000000j), (0.000000+0.000000j), (0.000000+0.000000j), (0.000000+0.000000j), (0.000000+0.000000j), (0.000000+0.000000j), (0.000000+0.000000j), (0.000000+0.000000j), (0.000000+0.000000j), (0.000000+0.000000j), (0.000000+0.000000j), (0.000000+0.000000j), (0.000000+0.000000j), (0.000000+0.000000j), (0.000000+0.000000j), (0.000000+0.000000j), (0.000000+0.000000j), (0.000000+0.000000j), (0.000000+0.000000j), (0.000000+0.000000j), (0.000000+0.000000j), (0.000000+0.000000j), (0.000000+0.000000j), (0.000000+0.000000j), (0.000000+0.000000j), (0.000000+0.000000j), (0.000000+0.000000j), (1.414214+0.000000j), (0.000000+0.000000j), (0.000000+0.000000j), (0.000000+0.000000j), (0.000000+0.000000j), (0.000000+0.000000j), (0.000000+0.000000j)
 (0.000000+0.000000j), (0.000000+0.000000j), (0.000000+0.000000j), (0.000000+0.000000j), (0.000000+0.000000j), (0.000000+0.000000j), (0.000000+0.000000j), (0.000000+0.000000j), (0.000000+0.000000j), (0.000000+0.000000j), (0.000000+0.000000j), (0.000000+0.000000j), (0.000000+0.000000j), (0.000000+0.000000j), (0.000000+0.000000j), (0.000000+0.000000j), (0.000000+0.000000j), (0.000000+0.000000j), (0.000000+0.000000j), (0.000000+0.000000j), (0.000000+0.000000j), (0.000000+0.000000j), (0.000000+0.000000j), (0.000000+0.000000j), (0.000000+0.000000j), (0.000000+0.000000j), (0.000000+0.000000j), (0.000000+0.000000j), (0.000000+0.000000j), (0.000000+0.000000j), (0.000000+0.000000j), (0.000000+0.000000j), (0.000000+0.000000j), (0.000000+0.000000j), (0.000000+0.000000j), (0.000000+0.000000j), (0.000000+0.000000j), (0.000000+0.000000j), (0.000000+0.000000j), (0.000000+0.000000j), (0.000000+0.000000j), (0.000000+0.000000j), (0.000000+0.000000j), (0.000000+0.000000j), (0.000000+0.000000j), (0.000000+0.000000j), (0.000000+0.000000j), (0.000000+0.000000j), (0.000000+0.000000j), (0.000000+0.000000j), (1.414214+0.000000j), (0.000000+0.000000j), (0.000000+0.000000j), (0.000000+0.000000j), (0.000000+0.000000j), (0.000000+0.000000j)
 (0.000000+0.000000j), (0.000000+0.000000j), (0.000000+0.000000j), (0.000000+0.000000j), (0.000000+0.000000j), (0.000000+0.000000j), (0.000000+0.000000j), (0.000000+0.000000j), (0.000000+0.000000j), (0.000000+0.000000j), (0.000000+0.000000j), (0.000000+0.000000j), (0.000000+0.000000j), (0.000000+0.000000j), (0.000000+0.000000j), (0.000000+0.000000j), (0.000000+0.000000j), (0.000000+0.000000j), (0.000000+0.000000j), (0.000000+0.000000j), (0.000000+0.000000j), (0.000000+0.000000j), (0.000000+0.000000j), (0.000000+0.000000j), (0.000000+0.000000j), (0.000000+0.000000j), (0.000000+0.000000j), (0.000000+0.000000j), (0.000000+0.000000j), (0.000000+0.000000j), (0.000000+0.000000j), (0.000000+0.000000j), (0.000000+0.000000j), (0.000000+0.000000j), (0.000000+0.000000j), (0.000000+0.000000j), (0.000000+0.000000j), (0.000000+0.000000j), (0.000000+0.000000j), (0.000000+0.000000j), (0.000000+0.000000j), (0.000000+0.000000j), (0.000000+0.000000j), (0.000000+0.000000j), (0.000000+0.000000j), (0.000000+0.000000j), (0.000000+0.000000j), (0.000000+0.000000j), (0.000000+0.000000j), (0.000000+0.000000j), (0.000000+0.000000j), (1.414214+0.000000j), (0.000000+0.000000j), (0.000000+0.000000j), (0.000000+0.000000j), (0.000000+0.000000j)
 (0.000000+0.000000j), (0.000000+0.000000j), (0.000000+0.000000j), (0.000000+0.000000j), (0.000000+0.000000j), (0.000000+0.000000j), (0.000000+0.000000j), (0.000000+0.000000j), (0.000000+0.000000j), (0.000000+0.000000j), (0.000000+0.000000j), (0.000000+0.000000j), (0.000000+0.000000j), (0.000000+0.000000j), (0.000000+0.000000j), (0.000000+0.000000j), (0.000000+0.000000j), (0.000000+0.000000j), (0.000000+0.000000j), (0.000000+0.000000j), (0.000000+0.000000j), (0.000000+0.000000j), (0.000000+0.000000j), (0.000000+0.000000j), (0.000000+0.000000j), (0.000000+0.000000j), (0.000000+0.000000j), (0.000000+0.000000j), (0.000000+0.000000j), (0.000000+0.000000j), (0.000000+0.000000j), (0.000000+0.000000j), (0.000000+0.000000j), (0.000000+0.000000j), (0.000000+0.000000j), (0.000000+0.000000j), (0.000000+0.000000j), (0.000000+0.000000j), (0.000000+0.000000j), (0.000000+0.000000j), (0.000000+0.000000j), (0.000000+0.000000j), (0.000000+0.000000j), (0.000000+0.000000j), (0.000000+0.000000j), (0.000000+0.000000j), (0.000000+0.000000j), (0.000000+0.000000j), (0.000000+0.000000j), (0.000000+0.000000j), (0.000000+0.000000j), (0.000000+0.000000j), (1.414214+0.000000j), (0.000000+0.000000j), (0.000000+0.000000j), (0.000000+0.000000j)
 (0.000000+0.000000j), (0.000000+0.000000j), (0.000000+0.000000j), (0.000000+0.000000j), (0.000000+0.000000j), (0.000000+0.000000j), (0.000000+0.000000j), (0.000000+0.000000j), (0.000000+0.000000j), (0.000000+0.000000j), (0.000000+0.000000j), (0.000000+0.000000j), (0.000000+0.000000j), (0.000000+0.000000j), (0.000000+0.000000j), (0.000000+0.000000j), (0.000000+0.000000j), (0.000000+0.000000j), (0.000000+0.000000j), (0.000000+0.000000j), (0.000000+0.000000j), (0.000000+0.000000j), (0.000000+0.000000j), (0.000000+0.000000j), (0.000000+0.000000j), (0.000000+0.000000j), (0.000000+0.000000j), (0.000000+0.000000j), (0.000000+0.000000j), (0.000000+0.000000j), (0.000000+0.000000j), (0.000000+0.000000j), (0.000000+0.000000j), (0.000000+0.000000j), (0.000000+0.000000j), (0.000000+0.000000j), (0.000000+0.000000j), (0.000000+0.000000j), (0.000000+0.000000j), (0.000000+0.000000j), (0.000000+0.000000j), (0.000000+0.000000j), (0.000000+0.000000j), (0.000000+0.000000j), (0.000000+0.000000j), (0.000000+0.000000j), (0.000000+0.000000j), (0.000000+0.000000j), (0.000000+0.000000j), (0.000000+0.000000j), (0.000000+0.000000j), (0.000000+0.000000j), (0.000000+0.000000j), (1.414214+0.000000j), (0.000000+0.000000j), (0.000000+0.000000j)
 (0.000000+0.000000j), (0.000000+0.000000j), (0.000000+0.000000j), (0.000000+0.000000j), (0.000000+0.000000j), (0.000000+0.000000j), (0.000000+0.000000j), (0.000000+0.000000j), (0.000000+0.000000j), (0.000000+0.000000j), (0.000000+0.000000j), (0.000000+0.000000j), (0.000000+0.000000j), (0.000000+0.000000j), (0.000000+0.000000j), (0.000000+0.000000j), (0.000000+0.000000j), (0.000000+0.000000j), (0.000000+0.000000j), (0.000000+0.000000j), (0.000000+0.000000j), (0.000000+0.000000j), (0.000000+0.000000j), (0.000000+0.000000j), (0.000000+0.000000j), (0.000000+0.000000j), (0.000000+0.000000j), (0.000000+0.000000j), (0.000000+0.000000j), (0.000000+0.000000j), (0.000000+0.000000j), (0.000000+0.000000j), (0.000000+0.000000j), (0.000000+0.000000j), (0.000000+0.000000j), (0.000000+0.000000j), (0.000000+0.000000j), (0.000000+0.000000j), (0.000000+0.000000j), (0.000000+0.000000j), (0.000000+0.000000j), (0.000000+0.000000j), (0.000000+0.000000j), (0.000000+0.000000j), (0.000000+0.000000j), (0.000000+0.000000j), (0.000000+0.000000j), (0.000000+0.000000j), (0.000000+0.000000j), (0.000000+0.000000j), (0.000000+0.000000j), (0.000000+0.000000j), (0.000000+0.000000j), (0.000000+0.000000j), (1.414214+0.000000j), (0.000000+0.000000j)
 (0.000000+0.000000j), (0.000000+0.000000j), (0.000000+0.000000j), (0.000000+0.000000j), (0.000000+0.000000j), (0.000000+0.000000j), (0.000000+0.000000j), (0.000000+0.000000j), (0.000000+0.000000j), (0.000000+0.000000j), (0.000000+0.000000j), (0.000000+0.000000j), (0.000000+0.000000j), (0.000000+0.000000j), (0.000000+0.000000j), (0.000000+0.000000j), (0.000000+0.000000j), (0.000000+0.000000j), (0.000000+0.000000j), (0.000000+0.000000j), (0.000000+0.000000j), (0.000000+0.000000j), (0.000000+0.000000j), (0.000000+0.000000j), (0.000000+0.000000j), (0.000000+0.000000j), (0.000000+0.000000j), (0.000000+0.000000j), (0.000000+0.000000j), (0.000000+0.000000j), (0.000000+0.000000j), (0.000000+0.000000j), (0.000000+0.000000j), (0.000000+0.000000j), (0.000000+0.000000j), (0.000000+0.000000j), (0.000000+0.000000j), (0.000000+0.000000j), (0.000000+0.000000j), (0.000000+0.000000j), (0.000000+0.000000j), (0.000000+0.000000j), (0.000000+0.000000j), (0.000000+0.000000j), (0.000000+0.000000j), (0.000000+0.000000j), (0.000000+0.000000j), (0.000000+0.000000j), (0.000000+0.000000j), (0.000000+0.000000j), (0.000000+0.000000j), (0.000000+0.000000j), (0.000000+0.000000j), (0.000000+0.000000j), (0.000000+0.000000j), (1.414214+0.000000j)
